{
  "version": "7",
  "dialect": "postgresql",
  "entries": [
    {
      "idx": 0,
      "version": "7",
      "when": 1748638379629,
      "tag": "0000_overjoyed_blazing_skull",
      "breakpoints": true
    },
    {
      "idx": 1,
      "version": "7",
      "when": 1748808788341,
      "tag": "0001_lush_lila_cheney",
      "breakpoints": true
    },
    {
      "idx": 2,
      "version": "7",
      "when": 1748893223146,
      "tag": "0002_unique_the_stranger",
      "breakpoints": true
    },
    {
      "idx": 3,
      "version": "7",
      "when": 1748893246450,
      "tag": "0003_tiny_sir_ram",
      "breakpoints": true
    },
    {
      "idx": 4,
      "version": "7",
      "when": 1749930699173,
      "tag": "0004_lovely_vapor",
      "breakpoints": true
    }
  ]
}